Date,Merchant,Amount
2024-11-17,SALES,5837455.49
2023-10-14,AMAZON,20674.91
2023-09-22,UBER,38054.57
2022-04-17,SHELL,81192.43
2022-12-13,TIKTOK ADS,91201.62
2023-07-03,META ADS,3534.31
2020-07-17,META ADS,39402.53
2022-08-11,PACKAGING SUPPLIES DIRECT,82016.6
2025-06-19,DHL EXPRESS,4383424.66
2020-09-20,GUSTO,54989.43
2025-07-23,ADOBE CREATIVE CLOUD,9534.04
2024-09-25,SLACK,46949.53
2026-01-14,ADOBE CREATIVE CLOUD,41793.13
2021-07-09,MICROSOFT 365,17807.55
2023-06-10,TIKTOK ADS,3541.5
2022-09-25,STRIPE PAYMENTS,57965.72
2023-10-14,AMAZON,9872917.46
2023-01-26,GUSTO,36905.95
2023-11-28,STRIPE PAYMENTS,35634.35
2022-02-14,ALIBABA.COM,47243.29
2022-02-28,HMRC VAT,54465.59
2020-09-05,REGUS,85080.81
2021-09-30,HMRC VAT,1747.78
2023-02-18,PACKAGING SUPPLIES DIRECT,84193.25
2023-02-06,DHL EXPRESS,2281116.24
2021-01-17,BRITISH GAS,36066.61
2023-04-22,AMAZON,43068.87
2022-11-14,TIKTOK ADS,64585.35
2023-06-16,ALIBABA.COM,22300.96
2022-02-24,STRIPE PAYMENTS,2107.11
2021-01-22,GUSTO,3444.89
2025-01-12,ADOBE CREATIVE CLOUD,95616.87
2021-11-14,ADOBE CREATIVE CLOUD,2232320.01
2022-03-05,HMRC VAT,31463.1
2022-06-18,SHELL,35515.21
2022-05-12,MICROSOFT 365,99072.1
2021-10-27,DHL EXPRESS,33730.33
2020-11-18,GUSTO,26996.27
2025-05-30,TIKTOK ADS,61982.22
2025-05-21,ADOBE CREATIVE CLOUD,43792.55
2022-10-03,ROYAL MAIL,6199247.73
2022-07-26,META ADS,37018.17
2024-12-28,DHL EXPRESS,19187.84
2025-07-04,ROYAL MAIL,95916.29
2025-09-01,STRIPE PAYMENTS,52343.16
2021-04-15,DHL EXPRESS,814.97
2020-11-21,GUSTO,59534.01
2022-02-19,REGUS,49347.12
2022-05-01,TIKTOK ADS,4233006.81
2024-09-25,UBER,35026.14
2021-03-23,HMRC VAT,85857.39
2022-04-14,META ADS,10868.64
2020-02-22,AMAZON,79874.15
2020-01-31,SHOPIFY PAYOUT,9959.62
2023-11-13,SHOPIFY PAYOUT,47046.03
2022-05-30,GUSTO,16552.34
2022-08-22,ROYAL MAIL,5487384.32
2021-06-13,SALES,84903.21
2020-04-13,REGUS,10447.85
2021-11-22,UBER,48522.15
2022-06-25,STAPLES,73280.81
2023-04-13,AMAZON,24667.39
2021-04-27,META ADS,62590.17
2025-03-15,SALES,25047.27
2021-10-12,TIKTOK ADS,2135619.55
2025-04-25,GOOGLE ADS,65481.04
2022-12-02,META ADS,40764.03
2022-01-27,SALES,81087.78
2025-11-08,ADOBE CREATIVE CLOUD,76599.33
2026-03-22,STAPLES,65534.99
2024-06-23,ADOBE CREATIVE CLOUD,17948.96
2021-08-28,GUSTO,9832.83
2024-01-30,UBER,6276843.62
2021-01-27,DHL EXPRESS,28340.37
2022-04-25,HMRC VAT,89283.68
2021-08-07,AMAZON,66755.72
2021-08-28,TIKTOK ADS,70676.37
2025-09-23,SHELL,4060.54
2021-05-31,META ADS,61315.97
2024-08-12,ROYAL MAIL,67714.24
2021-07-09,SHELL,1030312.2
2020-12-28,GOOGLE ADS,1957.78
2021-03-30,GOOGLE ADS,68297.41
2025-01-12,SALES,33895.2
2025-02-05,TIKTOK ADS,60882.1
2022-07-26,SALES,93545.5
2023-03-02,AMAZON,91134.24
2024-07-12,HMRC VAT,80025.59
2022-08-19,GOOGLE ADS,7890992.28
2021-01-14,GOOGLE ADS,79159.18
2026-02-19,GOOGLE ADS,99811.39
2025-09-08,PACKAGING SUPPLIES DIRECT,30503.42
2020-06-26,PACKAGING SUPPLIES DIRECT,74633.61
2022-08-24,STRIPE PAYMENTS,27287.94
2023-08-25,SALES,89000.05
2020-06-01,TIKTOK ADS,94827.55
2025-09-11,SHOPIFY PAYOUT,5553745.05
2021-12-18,BRITISH GAS,81385.71
2022-01-06,SLACK,93499.31
2024-11-21,HMRC VAT,61634.21
2020-11-02,SHELL,78921.09
2022-02-14,ALIBABA.COM,75881.52
2025-04-08,UBER,68229.9
2020-05-11,ADOBE CREATIVE CLOUD,81030.96
2024-04-15,ADOBE CREATIVE CLOUD,9777354.24
2020-07-04,AMAZON,18015.92
2022-04-25,ROYAL MAIL,87594.86
2025-12-21,SALES,55302.95
2023-07-02,GOOGLE ADS,78609.17
2022-11-25,UBER,85402.49
2020-10-18,HMRC PAYE,71039.92
2025-12-31,GOOGLE ADS,19869.6
2021-04-03,ROYAL MAIL,2480195.96
2023-10-29,STAPLES,71312.35
2020-03-22,PACKAGING SUPPLIES DIRECT,44974.89
2022-06-26,MICROSOFT 365,31295.83
2025-12-02,SHELL,22237.82
2020-09-14,ROYAL MAIL,86421.52
2020-12-03,SHELL,10221.33
2025-08-21,SLACK,26134.79
2023-08-13,REGUS,7973154.57
2024-10-14,HMRC VAT,87960.22
2022-07-02,DHL EXPRESS,83778.1
2023-05-09,HMRC VAT,43225.28
2024-10-20,META ADS,10980.42
2022-12-01,TIKTOK ADS,37639.14
2024-01-05,AMAZON,31853.64
2024-06-08,MICROSOFT 365,52975.25
2023-03-13,AMAZON,417005.81
2025-11-21,HMRC VAT,52960.16
2025-07-21,DHL EXPRESS,76376.01
2024-04-03,DHL EXPRESS,79721.26
2022-07-24,SHELL,25647.52
2024-09-11,REGUS,92893.28
2020-05-29,AMAZON,40577.7
2023-07-06,ADOBE CREATIVE CLOUD,60235.51
2021-12-25,MICROSOFT 365,837444.15
2025-12-03,STAPLES,41059.35
2025-05-06,MICROSOFT 365,45194.49
2022-07-22,DHL EXPRESS,95810.58
2021-07-11,DHL EXPRESS,51578.28
2023-05-07,STRIPE PAYMENTS,46020.29
2021-11-15,STRIPE PAYMENTS,10041.19
2023-11-10,SHELL,44398.47
2025-10-11,SLACK,2685082.73
2022-09-12,GOOGLE ADS,93042.52
2025-01-12,ROYAL MAIL,34994.68
2021-12-10,HMRC VAT,34083.26
2024-01-12,SHELL,11795.13
2023-06-04,TIKTOK ADS,7584.54
2024-02-11,SLACK,94932.87
2020-10-31,SHOPIFY PAYOUT,59908.37
2022-12-01,META ADS,2155689.12
2023-02-17,PACKAGING SUPPLIES DIRECT,77090.18
2022-07-25,ROYAL MAIL,65998.41
2024-06-19,AMAZON,71648.69
2021-11-24,META ADS,32244.82
2022-08-03,MICROSOFT 365,59984.98
2024-12-24,SHOPIFY PAYOUT,63068.17
2023-03-31,HMRC VAT,23627.31
2024-01-03,GOOGLE ADS,6971178.95
2023-11-27,ADOBE CREATIVE CLOUD,82461.26
2024-04-18,SLACK,48964.81
2020-12-08,PACKAGING SUPPLIES DIRECT,12243.18
2020-12-11,ALIBABA.COM,83510.62
2025-06-18,TIKTOK ADS,46761.27
2024-02-08,SHOPIFY PAYOUT,45556.3
2021-06-12,REGUS,36345.94
2023-08-02,TIKTOK ADS,8634605.64
2020-05-19,SHELL,13503.92
2026-03-25,STRIPE PAYMENTS,64705.03
2025-10-25,AMAZON,93455.47
2023-01-16,DHL EXPRESS,35565.5
2023-09-11,MICROSOFT 365,49747.94
2022-04-11,HMRC VAT,25613.48
2020-05-08,SHOPIFY PAYOUT,24522.69
2024-01-06,TIKTOK ADS,9539990.35
2023-01-12,META ADS,5186.61
2024-03-13,TIKTOK ADS,12522.05
2024-06-24,AMAZON,93030.12
2021-09-24,UBER,10840.48
2024-12-05,META ADS,99963.34
2021-03-03,ALIBABA.COM,90261.6
2025-08-14,STAPLES,37984.48
2022-11-08,ALIBABA.COM,2410925.04
2023-11-29,UBER,47585.14
2020-07-22,MICROSOFT 365,57790.99
2023-08-19,SHELL,4985.17
2020-10-22,GOOGLE ADS,76097.79
2024-05-13,ADOBE CREATIVE CLOUD,54776.74
2026-01-12,HMRC PAYE,11168.27
2021-11-18,GOOGLE ADS,42141.02
2021-06-19,SHOPIFY PAYOUT,6977909.1
2020-12-24,SLACK,12273.72
2024-01-03,PACKAGING SUPPLIES DIRECT,15902.35
2024-08-24,HMRC VAT,14726.65
2021-11-12,TIKTOK ADS,27551.81
2024-04-06,PACKAGING SUPPLIES DIRECT,4752.39
2021-05-21,ROYAL MAIL,70495.94
2021-02-01,REGUS,37493.33
2024-09-01,HMRC VAT,8544258.19
2025-09-27,BRITISH GAS,15995.44
2022-09-25,PACKAGING SUPPLIES DIRECT,99389.1
2020-06-05,STRIPE PAYMENTS,17431.45
2021-12-03,REGUS,73889.12
2021-01-06,MICROSOFT 365,64989.39
2023-12-27,HMRC PAYE,46121.9
2023-01-20,UBER,49291.37
2024-09-17,STRIPE PAYMENTS,889815.18
2026-01-12,GUSTO,83544.46
2021-04-20,REGUS,84423.73
2021-03-14,DHL EXPRESS,92391.64
2023-07-21,SHOPIFY PAYOUT,47509.52
2023-04-06,STRIPE PAYMENTS,11498.41
2025-06-25,TIKTOK ADS,88299.09
2023-09-14,SLACK,41229.48
2023-04-09,META ADS,702748.34
2024-03-30,SLACK,15743.75
2023-01-23,DHL EXPRESS,40596.33
2024-01-30,SHOPIFY PAYOUT,10896.74
2026-02-25,TIKTOK ADS,22805.26
2022-08-28,MICROSOFT 365,27257.4
2022-10-14,BRITISH GAS,52742.62
2025-04-10,PACKAGING SUPPLIES DIRECT,11960.76
2022-09-13,META ADS,441507.52
2022-08-05,SLACK,99254.99
2024-12-27,GUSTO,65183.56
2022-07-19,STAPLES,23118.51
2025-02-15,SHELL,208.14
2025-11-15,SHOPIFY PAYOUT,16993.64
2020-06-15,GOOGLE ADS,15649.21
2021-07-01,HMRC PAYE,54135.73
2022-02-25,SHELL,4881268.48
2024-07-27,UBER,33926.41
2024-09-08,META ADS,89488.06
2025-07-24,HMRC PAYE,89107.62
2022-01-01,HMRC VAT,87966.93
2022-06-14,PACKAGING SUPPLIES DIRECT,70157.67
2020-01-13,SALES,87489.29
2021-03-23,ADOBE CREATIVE CLOUD,21840.29
2024-02-05,SHELL,3127953.86
2025-05-17,HMRC PAYE,99296.17
2022-08-12,DHL EXPRESS,61216.08
2020-02-22,PACKAGING SUPPLIES DIRECT,25880.51
2025-06-12,GUSTO,98234.58
2025-07-25,SHELL,3026.65
2023-10-04,HMRC PAYE,75835.04
2022-10-17,TIKTOK ADS,10420.81
2021-01-31,PACKAGING SUPPLIES DIRECT,2680655.43
2021-08-13,HMRC PAYE,45098.18
2025-10-26,MICROSOFT 365,2006.3
2026-02-04,MICROSOFT 365,80085.82
2025-07-08,UBER,58353.52
2024-04-02,GUSTO,86155.54
2021-02-17,TIKTOK ADS,2952.35
2024-11-20,DHL EXPRESS,66911.69
2020-04-24,ALIBABA.COM,3965470.53
2023-05-08,REGUS,52908.63
2024-12-07,STRIPE PAYMENTS,13607.19
2020-10-17,PACKAGING SUPPLIES DIRECT,96517.13
2021-07-01,UBER,25110.43
2022-07-23,REGUS,52575.2
2020-11-23,GOOGLE ADS,34653.09
2021-06-13,SHOPIFY PAYOUT,24048.68
2023-06-21,PACKAGING SUPPLIES DIRECT,2654463.12
2021-07-16,META ADS,39857.01
2021-08-29,ALIBABA.COM,68297.65
2020-02-29,ROYAL MAIL,37076.0
2025-12-28,AMAZON,39290.43
2024-01-27,STAPLES,84738.32
2023-03-31,BRITISH GAS,3317.63
2021-05-20,SLACK,35491.99
2024-11-02,MICROSOFT 365,38509.61
2021-03-25,ALIBABA.COM,63744.62
2022-09-21,GUSTO,28239.17
2020-08-30,MICROSOFT 365,91204.51
2024-10-18,HMRC VAT,75641.73
2023-05-09,ALIBABA.COM,45170.47
2024-03-24,SHOPIFY PAYOUT,53084.65
2021-04-16,DHL EXPRESS,89642.92
2020-04-05,SHOPIFY PAYOUT,8111628.75
2020-04-07,ALIBABA.COM,67299.66
2024-03-09,MICROSOFT 365,46347.43
2024-12-07,ALIBABA.COM,83491.04
2023-06-18,TIKTOK ADS,63030.43
2023-09-26,GUSTO,39639.52
2025-10-05,SHOPIFY PAYOUT,39755.14
2020-10-08,REGUS,42697.04
2021-07-30,STAPLES,3023365.49
2024-10-11,SHOPIFY PAYOUT,24429.49
2025-03-04,AMAZON,89879.07
2020-11-16,ALIBABA.COM,37349.85
2025-01-15,GOOGLE ADS,91448.17
2024-06-18,STAPLES,62672.27
2025-01-26,ADOBE CREATIVE CLOUD,8849.21
2024-05-06,STRIPE PAYMENTS,67686.4
2024-10-13,HMRC PAYE,6803332.36
2022-02-02,UBER,6056.29
2020-07-29,DHL EXPRESS,67480.95
2023-07-30,STAPLES,39474.08
2020-07-26,STAPLES,56554.52
2024-06-09,SLACK,74412.45
2022-11-09,STRIPE PAYMENTS,58938.88
2024-01-30,PACKAGING SUPPLIES DIRECT,92158.02
2024-01-28,DHL EXPRESS,117906.37
2022-07-12,ALIBABA.COM,28374.89
2025-11-24,STRIPE PAYMENTS,67680.61
2025-12-23,ROYAL MAIL,54466.66
2025-05-25,REGUS,64256.6
2026-01-15,TIKTOK ADS,83402.61
2024-05-03,ALIBABA.COM,25044.86
2025-11-17,AMAZON,64910.53
2024-01-04,ADOBE CREATIVE CLOUD,8091276.56
2022-07-18,SHOPIFY PAYOUT,51853.56
2023-06-06,REGUS,17451.03
2020-02-03,UBER,99520.96
2022-04-17,ROYAL MAIL,20135.32
2025-07-10,ADOBE CREATIVE CLOUD,56486.21
2021-02-08,REGUS,6809.38
2025-04-10,BRITISH GAS,3477.02
2022-11-29,STAPLES,7179285.81
2024-12-08,AMAZON,90516.55
2026-03-10,GOOGLE ADS,74343.1
2020-11-07,GUSTO,88306.68
2022-10-23,GUSTO,83280.86
2025-07-19,SALES,18908.36
2023-04-10,PACKAGING SUPPLIES DIRECT,66551.55
2020-11-01,AMAZON,31751.29
2020-07-22,DHL EXPRESS,2299464.0
2022-08-25,ALIBABA.COM,5645.28
2023-03-13,MICROSOFT 365,13572.52
2022-10-31,ALIBABA.COM,9419.59
2022-12-04,SHELL,28785.96
2025-12-06,SHELL,73012.73
2023-07-21,SALES,33391.6
2023-02-01,PACKAGING SUPPLIES DIRECT,76296.26
2021-07-15,SHOPIFY PAYOUT,5500812.11
2024-03-03,META ADS,14440.39
2022-07-01,STRIPE PAYMENTS,91563.48
2024-07-21,SHOPIFY PAYOUT,4454.97
2020-12-01,DHL EXPRESS,22357.13
2022-01-16,HMRC PAYE,77945.5
2023-06-08,DHL EXPRESS,67065.4
2025-12-18,TIKTOK ADS,2410.22
2025-04-21,STRIPE PAYMENTS,4192563.94
2023-01-25,AMAZON,25422.53
2024-03-03,UBER,43155.82
2020-03-30,AMAZON,64285.66
2025-11-16,SHELL,62137.95
2021-01-10,AMAZON,38818.63
2025-04-25,HMRC VAT,27414.02
2020-12-12,HMRC PAYE,59572.59
2025-04-10,ADOBE CREATIVE CLOUD,6681379.26
2025-08-11,HMRC VAT,31555.23
2021-02-08,REGUS,53053.33
2022-05-09,ADOBE CREATIVE CLOUD,11455.04
2022-04-17,META ADS,69942.28
2021-02-04,DHL EXPRESS,66885.79
2023-12-14,META ADS,14768.66
2021-11-12,TIKTOK ADS,2598.11
2023-09-05,HMRC PAYE,4815427.41
2023-04-15,HMRC VAT,64041.77
2025-07-17,STAPLES,44122.44
2024-11-14,ADOBE CREATIVE CLOUD,15115.16
2023-06-07,ADOBE CREATIVE CLOUD,64780.42
2021-06-06,SHOPIFY PAYOUT,97007.77
2022-11-28,AMAZON,50355.95
2023-07-09,SALES,56445.03
2023-08-19,UBER,7623708.81
2022-06-15,ADOBE CREATIVE CLOUD,39715.11
2022-12-10,SHOPIFY PAYOUT,96209.15
2021-09-14,ADOBE CREATIVE CLOUD,56055.08
2023-04-15,HMRC VAT,7016.78
2023-11-29,HMRC VAT,73959.72
2021-04-03,SLACK,46800.22
2024-10-20,META ADS,90734.36
2022-03-01,AMAZON,585230.12
2025-08-06,GOOGLE ADS,18901.68
2024-03-01,SHOPIFY PAYOUT,42096.23
2023-09-08,HMRC VAT,64051.48
2020-10-08,ALIBABA.COM,41131.01
2024-07-05,GOOGLE ADS,78266.82
2024-03-29,STAPLES,89510.98
2023-04-18,BRITISH GAS,72782.95
2022-03-29,SHELL,7693878.3
2023-12-07,ROYAL MAIL,36402.89
2023-06-13,MICROSOFT 365,30447.83
2025-04-09,GUSTO,67107.23
2025-11-20,SLACK,96770.34
2025-04-08,DHL EXPRESS,1117.56
2024-01-24,UBER,87779.51
2023-07-04,GOOGLE ADS,69060.04
2021-09-28,ADOBE CREATIVE CLOUD,5750142.41
2022-08-06,ROYAL MAIL,96542.3
2021-05-01,HMRC PAYE,66429.04
2024-11-17,ROYAL MAIL,16576.16
2021-06-12,REGUS,24970.71
2021-05-23,STRIPE PAYMENTS,36989.16
2020-03-27,DHL EXPRESS,53486.97
2023-01-13,ALIBABA.COM,88108.87
2021-06-19,ALIBABA.COM,698346.45
2024-02-18,GUSTO,20640.63
2022-05-18,ALIBABA.COM,11029.76
2020-06-19,SHELL,29210.96
2021-03-22,SALES,81757.84
2020-07-18,SLACK,92375.98
2025-11-07,HMRC PAYE,38871.79
2021-03-04,STAPLES,12441.04
2024-10-25,UBER,3605504.29
2025-10-13,ROYAL MAIL,86987.42
2024-06-10,SHOPIFY PAYOUT,8816.98
2022-10-16,STRIPE PAYMENTS,97433.02
2020-10-04,GUSTO,60271.45
2024-10-23,UBER,38883.66
2024-01-30,STRIPE PAYMENTS,41963.93
2021-06-10,SLACK,22207.84
2021-10-19,ADOBE CREATIVE CLOUD,6308130.76
2022-11-12,GOOGLE ADS,38587.02
2021-10-24,GUSTO,25983.21
2022-07-24,REGUS,20412.35
2020-08-19,PACKAGING SUPPLIES DIRECT,27914.16
2021-01-30,AMAZON,13973.18
2023-11-04,DHL EXPRESS,5684.24
2024-03-03,GUSTO,34421.14
2020-01-31,REGUS,5678959.28
2023-09-11,SHOPIFY PAYOUT,33775.85
2023-09-10,STAPLES,52056.23
2022-01-25,UBER,89036.28
2025-11-01,STRIPE PAYMENTS,7540.43
2026-01-16,SHOPIFY PAYOUT,5058.55
2021-04-16,DHL EXPRESS,30029.29
2020-04-24,META ADS,79065.89
2025-02-03,HMRC VAT,5411398.07
2022-07-28,SALES,73382.59
2025-02-09,ROYAL MAIL,90463.1
2024-08-17,HMRC VAT,94001.78
2021-08-18,ROYAL MAIL,94488.41
2021-12-06,SHOPIFY PAYOUT,70113.02
2025-11-03,HMRC VAT,89444.47
2025-08-11,HMRC PAYE,4558.31
2020-05-09,STAPLES,8441239.07
2025-02-18,GOOGLE ADS,85976.29
2022-08-07,DHL EXPRESS,80267.14
2024-10-21,SHELL,40677.64
2023-10-16,TIKTOK ADS,16613.27
2021-02-17,ROYAL MAIL,55612.48
2024-06-30,GOOGLE ADS,41961.61
2020-10-18,HMRC PAYE,30017.65
2025-01-05,ALIBABA.COM,7166075.16
2022-07-08,META ADS,80531.28
2022-07-07,ADOBE CREATIVE CLOUD,99894.72
2024-08-12,SLACK,93760.79
2024-06-23,ROYAL MAIL,74952.87
2022-01-06,META ADS,76515.37
2022-01-16,TIKTOK ADS,20321.19
2025-03-03,ALIBABA.COM,64040.5
2025-03-17,STAPLES,3335907.33
2025-06-09,GUSTO,93881.66
2022-12-05,GUSTO,72415.48
2024-01-24,ROYAL MAIL,90327.79
2023-11-04,GOOGLE ADS,5881.32
2021-11-29,SALES,33576.46
2023-03-16,META ADS,77907.93
2025-03-04,TIKTOK ADS,30503.78
2023-01-06,STRIPE PAYMENTS,6543116.38
2025-07-17,HMRC VAT,31721.76
2023-11-01,HMRC PAYE,66692.29
2022-01-19,HMRC PAYE,62009.45
2025-01-26,STAPLES,95360.53
2024-11-30,SHELL,92656.01
2020-12-05,GUSTO,8885.61
2024-03-05,REGUS,74653.12
2024-03-21,REGUS,3338655.49
2020-04-01,UBER,43206.01
2023-08-18,SHOPIFY PAYOUT,41622.3
2023-03-04,ROYAL MAIL,75187.13
2020-02-29,DHL EXPRESS,7511.75
2022-06-17,SHELL,67827.94
2024-05-13,ROYAL MAIL,28701.61
2022-06-09,GOOGLE ADS,32896.19
2023-01-08,GUSTO,2408741.96
2020-10-03,ROYAL MAIL,83336.16
2026-01-28,META ADS,30082.98
2024-10-01,ADOBE CREATIVE CLOUD,37486.9
2025-05-11,GOOGLE ADS,33083.45
2025-10-19,DHL EXPRESS,86418.89
2021-10-08,SLACK,21888.88
2023-03-28,TIKTOK ADS,41884.79
2022-05-14,GUSTO,8635820.67
2021-02-02,SHELL,56940.66
2023-01-31,UBER,11141.52
2020-03-21,REGUS,14920.3
2020-10-12,AMAZON,89058.08
2021-03-07,SHELL,7446.11
2023-06-08,STRIPE PAYMENTS,6659.16
2021-07-02,DHL EXPRESS,85305.26
2024-02-09,REGUS,5241363.99
2020-03-26,META ADS,27772.06
2025-04-07,ROYAL MAIL,29579.84
2025-06-23,SHOPIFY PAYOUT,67045.8
2024-01-04,ROYAL MAIL,46370.84
2020-01-10,UBER,14416.43
2021-05-03,PACKAGING SUPPLIES DIRECT,24522.27
2023-02-07,SHELL,55796.85
2024-04-02,SHELL,2810627.31
2021-06-23,MICROSOFT 365,14055.6
2023-07-23,AMAZON,60777.14
2026-02-04,SLACK,26863.58
2024-01-04,HMRC PAYE,15139.18
2022-05-02,STRIPE PAYMENTS,57066.93
2024-04-06,BRITISH GAS,12688.36
2023-10-27,ADOBE CREATIVE CLOUD,66470.74
2021-09-01,BRITISH GAS,3131246.7
2026-01-27,REGUS,26666.76
2022-03-25,SHOPIFY PAYOUT,70173.02
2021-04-26,SALES,41832.03
2021-11-23,GUSTO,93962.16
2020-01-19,META ADS,90898.93
2022-09-30,ROYAL MAIL,12168.59
2021-12-16,SALES,75258.45
2021-10-30,ADOBE CREATIVE CLOUD,1011286.13
2025-02-19,REGUS,53118.7
2024-05-27,META ADS,95757.46
2022-11-09,META ADS,86987.21
2023-06-13,ROYAL MAIL,72300.64
2024-01-04,ROYAL MAIL,61501.45
2025-09-07,HMRC VAT,13660.82
2020-10-11,SHOPIFY PAYOUT,55165.36
2020-12-26,SLACK,8180966.99
2024-12-20,SHELL,85548.61
2020-01-27,UBER,89402.29
2022-01-22,GUSTO,92822.16
2023-04-02,PACKAGING SUPPLIES DIRECT,51304.98
2024-11-08,SLACK,29494.72
2021-03-17,DHL EXPRESS,32214.25
2024-10-14,STRIPE PAYMENTS,84679.28
2026-02-14,SHELL,7004268.21
2025-11-18,GOOGLE ADS,14320.42
2024-01-26,UBER,50572.02
2025-08-23,TIKTOK ADS,37469.14
2021-02-09,STRIPE PAYMENTS,86941.03
2026-03-03,BRITISH GAS,10190.57
2023-04-07,HMRC PAYE,4617.18
2025-07-16,UBER,26239.43
2024-01-09,STAPLES,1415144.02
2023-12-22,HMRC VAT,38630.98
2021-02-22,REGUS,9178.07
2024-11-30,ADOBE CREATIVE CLOUD,56690.0
2024-01-18,SALES,15486.15
2023-12-03,SALES,31297.27
2022-03-17,HMRC PAYE,16091.1
2024-01-26,SALES,4224.83
2025-01-12,ALIBABA.COM,493396.97
2025-03-23,META ADS,87038.67
2023-08-29,ADOBE CREATIVE CLOUD,34494.58
2020-10-14,TIKTOK ADS,9229.6
2020-01-13,META ADS,56931.44
2023-06-09,DHL EXPRESS,96606.87
2023-05-26,SHELL,64029.07
2021-05-04,STRIPE PAYMENTS,85527.57
2025-08-23,AMAZON,3876103.91
2020-07-13,ROYAL MAIL,70669.02
2022-11-11,TIKTOK ADS,55945.22
2023-10-07,META ADS,68810.43
2022-02-05,STAPLES,86030.18
2021-01-23,GOOGLE ADS,30587.89
2025-12-10,UBER,96380.18
2024-06-29,ROYAL MAIL,77525.44
2020-06-08,HMRC PAYE,4882034.93
2022-06-07,REGUS,39269.51
2025-08-10,GUSTO,97364.22
2025-03-04,HMRC VAT,37929.59
2022-12-22,ADOBE CREATIVE CLOUD,88926.2
2025-11-10,AMAZON,43786.02
2023-07-05,SHELL,17156.55
2024-06-24,PACKAGING SUPPLIES DIRECT,59370.88
2024-08-28,STRIPE PAYMENTS,8127540.55
2022-03-29,ROYAL MAIL,57563.06
2025-08-12,REGUS,89109.29
2023-05-06,GOOGLE ADS,66753.33
2021-04-16,SALES,89018.24
2021-12-18,TIKTOK ADS,23448.42
2025-01-12,STRIPE PAYMENTS,87082.7
2020-09-20,DHL EXPRESS,98735.2
2022-06-09,PACKAGING SUPPLIES DIRECT,9579210.3
2025-09-27,STRIPE PAYMENTS,84842.47
2021-05-19,SALES,44646.5
2026-02-20,META ADS,52876.69
2024-07-14,STRIPE PAYMENTS,66498.63
2021-10-11,SALES,24572.66
2022-11-12,STAPLES,40318.5
2020-07-27,AMAZON,42836.11
2025-04-10,TIKTOK ADS,135467.55
2025-12-31,HMRC VAT,24420.92
2023-04-28,META ADS,3660.5
2026-03-13,STRIPE PAYMENTS,6076.23
2025-01-21,BRITISH GAS,18913.6
2020-06-09,STRIPE PAYMENTS,90306.75
2022-02-05,SHOPIFY PAYOUT,41300.53
2020-01-05,SHOPIFY PAYOUT,34178.05
2024-07-07,STAPLES,6717989.22
2022-05-10,HMRC PAYE,31964.78
2020-12-06,META ADS,4516.38
2024-10-20,ADOBE CREATIVE CLOUD,84663.85
2021-01-31,GUSTO,28145.85
2024-10-19,SHELL,91855.91
2023-06-14,SHELL,6927.31
2023-04-17,GUSTO,32032.32
2026-01-23,SHELL,6934124.54
2020-12-12,DHL EXPRESS,49276.75
2023-09-30,STAPLES,94366.57
2024-10-26,UBER,58938.14
2023-04-07,ROYAL MAIL,27109.3
2021-09-22,BRITISH GAS,919.56
2024-06-01,PACKAGING SUPPLIES DIRECT,19709.15
2022-06-17,ALIBABA.COM,72788.47
2023-05-13,UBER,6755043.53
2021-10-14,ROYAL MAIL,78518.74
2023-11-05,HMRC VAT,61040.37
2022-06-14,GUSTO,66979.87
2022-01-30,SALES,83343.81
2020-04-15,REGUS,19620.95
2023-12-20,AMAZON,33119.93
2024-01-17,STRIPE PAYMENTS,9212.42
2020-11-18,SALES,8499895.62
2022-04-30,BRITISH GAS,74821.41
2023-05-24,STRIPE PAYMENTS,14917.26
2022-03-26,BRITISH GAS,61658.98
2025-02-15,PACKAGING SUPPLIES DIRECT,63973.48
2020-05-12,ALIBABA.COM,95192.49
2020-02-17,ROYAL MAIL,1095.6
2025-07-05,SHOPIFY PAYOUT,35361.23
2021-07-20,BRITISH GAS,6248887.16
2026-01-20,MICROSOFT 365,2575.27
2024-08-25,DHL EXPRESS,90430.0
2020-06-22,SHELL,74837.48
2023-12-02,TIKTOK ADS,7620.26
2020-12-18,MICROSOFT 365,72932.88
2024-06-09,ADOBE CREATIVE CLOUD,78523.8
2020-07-22,SHOPIFY PAYOUT,16641.73
2020-07-07,SHOPIFY PAYOUT,4669129.33
2025-12-12,SALES,70158.11
2024-10-27,STRIPE PAYMENTS,94207.9
2025-04-01,GUSTO,48950.64
2022-01-22,GOOGLE ADS,63139.81
2022-02-23,ADOBE CREATIVE CLOUD,15359.51
2025-03-17,HMRC VAT,98556.12
2022-02-18,DHL EXPRESS,11513.98
2024-10-12,STRIPE PAYMENTS,7605863.21
2020-08-26,GOOGLE ADS,15635.53
2024-12-02,ROYAL MAIL,22225.89
2021-12-25,HMRC VAT,51045.3
2021-05-13,META ADS,64470.83
2020-05-11,DHL EXPRESS,62309.45
2023-12-24,AMAZON,73668.96
2024-09-24,BRITISH GAS,75632.84
2023-06-18,HMRC PAYE,2273943.78
2023-10-11,SLACK,64097.23
2025-09-07,ADOBE CREATIVE CLOUD,59002.28
2020-12-16,GOOGLE ADS,40535.5
2021-07-12,DHL EXPRESS,40488.1
2026-03-02,SLACK,92173.3
2024-01-15,META ADS,26770.16
2021-02-22,MICROSOFT 365,40040.76
2023-03-06,SHOPIFY PAYOUT,8571186.21
2023-06-08,HMRC VAT,98650.95
2022-03-03,ALIBABA.COM,3046.29
2021-09-06,GUSTO,50935.3
2023-12-09,STAPLES,75213.28
2021-08-05,STRIPE PAYMENTS,11316.29
2023-05-18,BRITISH GAS,30266.97
2026-02-13,HMRC VAT,12763.29
2021-04-25,HMRC PAYE,6154481.53
2025-04-17,SALES,82044.79
2023-10-02,ROYAL MAIL,26696.27
2024-04-07,STRIPE PAYMENTS,11830.41
2022-07-25,ALIBABA.COM,9657.55
2022-08-13,STRIPE PAYMENTS,73675.23
2024-12-08,MICROSOFT 365,82901.28
2020-05-01,GOOGLE ADS,16128.69
2022-10-12,BRITISH GAS,2805328.09
2023-09-27,DHL EXPRESS,5929.96
2020-09-07,HMRC PAYE,78677.72
2024-03-19,MICROSOFT 365,12879.05
2020-12-22,ALIBABA.COM,43575.23
2020-12-23,STRIPE PAYMENTS,91407.91
2020-02-22,STAPLES,54955.02
2024-04-30,MICROSOFT 365,11688.63
2025-03-24,REGUS,282926.51
2026-03-15,DHL EXPRESS,40156.96
2021-10-11,HMRC VAT,96291.51
2025-03-12,SHOPIFY PAYOUT,81437.94
2024-03-02,STRIPE PAYMENTS,69344.38
2023-11-22,DHL EXPRESS,10685.03
2025-06-09,ROYAL MAIL,77801.39
2023-01-25,STAPLES,55433.55
2024-06-15,STRIPE PAYMENTS,5981536.56
2023-08-24,UBER,10942.99
2021-10-02,HMRC PAYE,88115.41
2025-07-29,ALIBABA.COM,59076.01
2025-08-11,REGUS,48720.98
2021-11-03,ROYAL MAIL,14412.12
2020-12-11,HMRC PAYE,51124.99
2024-10-03,HMRC VAT,46519.56
2024-11-27,MICROSOFT 365,2779401.09
2021-01-24,GUSTO,75574.31
2022-01-18,BRITISH GAS,79795.26
2024-10-03,PACKAGING SUPPLIES DIRECT,71477.6
2026-02-05,HMRC PAYE,80104.62
2021-09-02,GOOGLE ADS,77774.28
2024-01-19,SALES,60318.26
2025-10-07,SALES,99078.59
2023-01-22,SLACK,1206681.88
2024-04-14,ALIBABA.COM,50696.71
2020-06-14,ROYAL MAIL,79826.22
2020-12-09,META ADS,48140.01
2023-10-27,SALES,35722.12
2020-09-22,MICROSOFT 365,58390.23
2024-01-16,UBER,13904.83
2022-06-26,TIKTOK ADS,12927.72
2020-03-13,ALIBABA.COM,1394600.6
2021-01-04,META ADS,21475.03
2020-05-11,PACKAGING SUPPLIES DIRECT,45460.66
2023-12-03,HMRC PAYE,42256.79
2025-02-21,HMRC PAYE,69567.08
2023-09-27,GUSTO,21565.64
2026-03-24,SHELL,18181.93
2025-04-29,SHOPIFY PAYOUT,17492.07
2020-07-09,REGUS,8758423.39
2022-02-15,META ADS,12460.83
2024-06-21,PACKAGING SUPPLIES DIRECT,45301.32
2023-03-13,SHELL,46578.09
2021-09-01,SHOPIFY PAYOUT,45588.13
2021-11-25,STAPLES,49047.1
2023-03-04,HMRC PAYE,93761.21
2024-09-12,ADOBE CREATIVE CLOUD,73062.81
2024-05-23,MICROSOFT 365,7928594.01
2025-04-03,ROYAL MAIL,72878.98
2024-05-29,HMRC VAT,65515.49
2020-07-09,PACKAGING SUPPLIES DIRECT,13861.72
2022-09-13,GUSTO,59311.27
2025-01-22,AMAZON,26698.46
2023-06-02,BRITISH GAS,81556.97
2025-03-17,REGUS,15844.51
2023-06-02,BRITISH GAS,8542721.91
2026-03-22,AMAZON,70720.68
2021-09-22,DHL EXPRESS,68312.21
2025-07-22,AMAZON,93221.43
2025-08-11,REGUS,91338.59
2024-02-06,UBER,63723.1
2023-03-10,AMAZON,79035.58
2023-04-02,DHL EXPRESS,26743.31
2023-06-25,STAPLES,4491385.62
2025-06-22,BRITISH GAS,42649.36
2026-03-05,SHOPIFY PAYOUT,74121.5
2021-06-12,SALES,53936.6
2021-02-14,SLACK,60549.32
2023-08-10,ROYAL MAIL,63530.56
2025-06-21,STRIPE PAYMENTS,8011.07
2022-06-14,STAPLES,85968.39
2025-11-08,DHL EXPRESS,464919.21
2024-09-01,HMRC PAYE,87259.02
2024-02-16,ROYAL MAIL,5388.75
2024-03-01,GUSTO,74577.23
2023-05-04,SHELL,59795.61
2022-01-18,REGUS,29494.74
2025-04-27,STAPLES,74759.65
2024-04-13,TIKTOK ADS,7295.12
2026-01-15,HMRC VAT,421823.52
2026-01-02,SALES,57846.26
2024-06-14,UBER,46130.56
2025-02-11,REGUS,9288.47
2022-11-01,GUSTO,75775.46
2022-10-16,DHL EXPRESS,5011.37
2021-08-17,SALES,96280.52
2023-12-03,SLACK,99709.83
2021-08-24,GOOGLE ADS,5983928.29
2022-07-12,GUSTO,92879.75
2026-02-14,SALES,1430.81
2022-04-06,HMRC VAT,1423.79
2022-01-11,DHL EXPRESS,34146.71
2020-08-30,UBER,81681.93
2020-09-09,GOOGLE ADS,50735.71
2021-07-30,UBER,26433.95
2023-08-18,DHL EXPRESS,2479430.08
2022-06-14,SLACK,34393.25
2020-10-05,GUSTO,27370.19
2021-12-25,STAPLES,94230.07
2020-03-21,META ADS,41932.62
2025-08-26,SHOPIFY PAYOUT,34240.82
2020-03-20,AMAZON,63147.83
2023-07-13,GOOGLE ADS,27132.17
2021-01-07,ADOBE CREATIVE CLOUD,1333639.94
2023-03-21,PACKAGING SUPPLIES DIRECT,74017.54
2023-09-24,AMAZON,66067.89
2024-06-08,TIKTOK ADS,91718.53
2024-05-10,STRIPE PAYMENTS,75714.63
2022-04-16,SHOPIFY PAYOUT,26191.5
2021-09-21,HMRC VAT,24485.36
2022-08-16,STAPLES,8476.57
2020-10-11,HMRC PAYE,7762896.81
2021-10-21,STAPLES,8170.31
2022-08-19,GUSTO,60745.33
2022-12-28,REGUS,60444.57
2021-07-20,HMRC PAYE,33696.63
2023-04-29,MICROSOFT 365,48967.69
2024-05-26,STRIPE PAYMENTS,2348.18
2024-08-28,ALIBABA.COM,72947.67
2021-12-22,GOOGLE ADS,233510.7
2026-01-03,AMAZON,22785.33
2022-09-16,GUSTO,57175.88
2022-05-29,REGUS,90028.15
2020-03-12,PACKAGING SUPPLIES DIRECT,99222.28
2025-05-08,TIKTOK ADS,96926.56
2024-12-18,STAPLES,7642.76
2021-09-24,SHOPIFY PAYOUT,83184.08
2021-03-07,ROYAL MAIL,9103574.69
2025-04-06,DHL EXPRESS,56444.3
2023-03-08,MICROSOFT 365,85948.66
2023-04-16,PACKAGING SUPPLIES DIRECT,7096.7
2022-09-11,BRITISH GAS,53678.51
2023-11-08,MICROSOFT 365,26171.68
2025-10-02,META ADS,15885.61
2022-06-16,GUSTO,79571.43
2025-10-07,HMRC PAYE,8127223.8
2023-01-30,TIKTOK ADS,23516.28
2023-02-08,REGUS,49353.12
2023-07-30,UBER,22487.41
2021-02-27,HMRC PAYE,4692.99
2023-07-11,DHL EXPRESS,61721.4
2022-08-29,SHOPIFY PAYOUT,6028.84
2024-05-22,SLACK,87380.77
2021-12-21,ALIBABA.COM,7163392.57
2022-12-01,REGUS,54158.92
2021-04-23,PACKAGING SUPPLIES DIRECT,10544.3
2020-02-29,META ADS,40838.72
2021-03-06,HMRC VAT,85943.65
2023-08-13,SALES,60801.29
2022-01-20,META ADS,59568.63
2023-01-04,SHELL,68014.25
2021-06-28,SHOPIFY PAYOUT,6849963.61
2021-08-15,PACKAGING SUPPLIES DIRECT,14795.39
2020-05-05,STAPLES,8403.59
2023-01-07,HMRC VAT,43297.81
2022-10-08,HMRC PAYE,29038.53
2020-09-12,AMAZON,25350.36
2025-01-05,TIKTOK ADS,43823.24
2026-01-17,STAPLES,64996.56
2021-08-19,BRITISH GAS,1804105.05
2021-08-12,REGUS,90605.08
2021-09-27,SHOPIFY PAYOUT,37893.1
2022-12-07,SHELL,37986.01
2021-08-18,SHOPIFY PAYOUT,60009.55
2022-08-11,ALIBABA.COM,41814.8
2023-02-06,SHOPIFY PAYOUT,84081.77
2021-09-10,SHOPIFY PAYOUT,1994.95
2025-10-08,ROYAL MAIL,233945.83
2023-11-11,AMAZON,92052.87
2023-03-19,MICROSOFT 365,19948.77
2025-06-09,GOOGLE ADS,21852.51
2021-01-05,AMAZON,72184.76
2022-09-01,GOOGLE ADS,95930.09
2022-01-04,SALES,46866.09
2025-05-31,ALIBABA.COM,99908.56
2026-01-17,MICROSOFT 365,4726319.57
2024-08-13,UBER,65756.47
2023-06-28,PACKAGING SUPPLIES DIRECT,29056.4
2020-06-19,ADOBE CREATIVE CLOUD,52026.12
2022-02-23,SALES,1834.12
2020-04-08,SHELL,36937.57
2023-02-15,ROYAL MAIL,34124.85
2021-10-29,MICROSOFT 365,16474.16
2025-06-15,PACKAGING SUPPLIES DIRECT,1564299.73
2024-09-14,ADOBE CREATIVE CLOUD,0.39
2020-05-12,GOOGLE ADS,38259.73
2026-03-15,GUSTO,29561.45
2024-01-04,UBER,38098.53
2021-12-08,DHL EXPRESS,32809.71
2020-12-02,REGUS,25287.46
2024-07-10,HMRC VAT,82599.74
2020-02-14,MICROSOFT 365,2071554.95
2023-07-27,DHL EXPRESS,79521.88
2025-12-17,HMRC PAYE,17356.58
2023-12-22,MICROSOFT 365,44623.94
2021-08-05,SHOPIFY PAYOUT,60305.08
2021-03-10,DHL EXPRESS,89571.47
2022-02-22,GUSTO,80446.15
2022-09-18,SLACK,92550.82
2025-01-05,REGUS,3045194.42
2021-08-31,SHOPIFY PAYOUT,40406.89
2024-05-09,GUSTO,67669.1
2023-08-23,STRIPE PAYMENTS,66101.25
2021-12-28,UBER,24352.69
2023-05-30,ALIBABA.COM,53396.06
2025-09-04,STAPLES,32450.74
2022-01-22,HMRC VAT,38202.16
2024-10-08,SHELL,3824839.06
2020-11-22,STRIPE PAYMENTS,36523.67
2025-09-16,MICROSOFT 365,32762.66
2022-07-06,DHL EXPRESS,22445.05
2020-01-04,GOOGLE ADS,4347.65
2021-12-26,GOOGLE ADS,55126.31
2020-02-21,HMRC VAT,32383.71
2024-08-07,STRIPE PAYMENTS,62944.12
2020-01-16,STAPLES,8487703.11
2023-02-02,AMAZON,15590.41
2020-07-25,ADOBE CREATIVE CLOUD,99866.02
2022-01-26,STAPLES,27619.02
2022-12-13,SLACK,77461.22
2025-04-30,META ADS,42665.4
2020-06-18,REGUS,89640.62
2023-03-14,REGUS,58628.07
2026-02-07,META ADS,7086547.89
2022-06-30,SHOPIFY PAYOUT,93187.7
2025-04-30,ALIBABA.COM,37027.9
2025-10-29,MICROSOFT 365,95590.12
2023-03-17,PACKAGING SUPPLIES DIRECT,99971.95
2020-06-06,REGUS,43327.73
2021-12-06,DHL EXPRESS,98845.29
2021-02-22,DHL EXPRESS,67998.01
2025-06-29,AMAZON,7210927.72
2024-11-25,GOOGLE ADS,91110.97
2022-04-12,ROYAL MAIL,23569.51
2020-03-16,HMRC PAYE,31916.57
2023-11-19,PACKAGING SUPPLIES DIRECT,22909.83
2022-03-29,SHELL,79054.1
2023-01-30,GOOGLE ADS,45887.47
2022-06-27,HMRC PAYE,76441.18
2021-08-28,SLACK,5365495.85
2020-09-15,STRIPE PAYMENTS,44930.04
2020-12-23,BRITISH GAS,2962.73
2021-06-06,ALIBABA.COM,45069.25
2021-12-10,STRIPE PAYMENTS,37472.7
2023-06-10,TIKTOK ADS,19865.1
2023-04-01,DHL EXPRESS,80533.22
2024-12-26,ROYAL MAIL,938.58
2021-08-31,ROYAL MAIL,8406648.51
2024-06-09,UBER,12900.69
2023-01-29,SLACK,82362.16
2025-05-20,ADOBE CREATIVE CLOUD,16009.76
2020-07-29,ADOBE CREATIVE CLOUD,33338.19
2021-12-02,ALIBABA.COM,39181.53
2021-12-03,SALES,62671.81
2024-03-17,GUSTO,40614.73
2025-03-17,HMRC VAT,7300027.65
2023-01-05,STAPLES,23850.76
2026-02-17,SLACK,7197.07
2022-01-09,ROYAL MAIL,69640.09
2020-12-14,GOOGLE ADS,44024.39
2021-03-06,SHOPIFY PAYOUT,73221.59
2021-09-14,BRITISH GAS,55614.97
2024-09-19,GOOGLE ADS,63049.97
2022-07-13,MICROSOFT 365,9901275.26
2025-09-07,GOOGLE ADS,52879.42
2024-08-17,SLACK,87233.82
2021-05-01,UBER,96559.51
2025-12-22,STRIPE PAYMENTS,56147.96
2021-10-22,AMAZON,88756.25
2025-09-18,HMRC VAT,67144.95
2023-01-30,TIKTOK ADS,79960.31
2023-10-06,SALES,5882819.99
2024-05-24,GOOGLE ADS,5541.47
2020-09-08,ALIBABA.COM,47002.45
2026-01-31,ADOBE CREATIVE CLOUD,66402.83
2024-09-14,UBER,57905.41
2022-03-15,STRIPE PAYMENTS,31939.19
2024-05-01,TIKTOK ADS,59631.99
2022-11-25,HMRC VAT,82046.91
2024-05-10,SHOPIFY PAYOUT,2692288.93
2025-12-16,TIKTOK ADS,55025.24
2021-03-27,META ADS,26386.84
2025-11-05,AMAZON,79086.24
2025-02-20,BRITISH GAS,49541.32
2025-09-09,SHELL,37973.81
2023-05-05,REGUS,98459.05
2022-01-18,SALES,96549.54
2022-01-10,META ADS,2002679.67
2024-08-19,SHELL,54810.07
2026-03-05,ADOBE CREATIVE CLOUD,73463.1
2025-08-17,SHELL,18082.45
2024-11-10,GUSTO,37652.24
2022-01-09,HMRC VAT,70763.83
2020-08-02,REGUS,88777.05
2024-08-07,STRIPE PAYMENTS,53853.85
2022-07-10,MICROSOFT 365,1068597.81
2022-01-17,UBER,2427.13
2021-01-22,UBER,43005.67
2026-03-13,DHL EXPRESS,66868.1
2022-04-07,GOOGLE ADS,9286.66
2023-05-05,UBER,91313.51
2022-01-10,TIKTOK ADS,18780.52
2020-04-20,REGUS,19766.89
2025-01-10,SHOPIFY PAYOUT,4754738.15
2020-01-13,ADOBE CREATIVE CLOUD,45945.08
2022-01-27,ALIBABA.COM,14402.15
2022-04-02,STAPLES,21007.82
2020-03-30,META ADS,7837.21
2023-03-30,GOOGLE ADS,73734.37
2025-07-10,ROYAL MAIL,13345.66
2021-11-18,HMRC PAYE,69149.84
2020-12-31,GOOGLE ADS,8227053.71
2022-12-24,ALIBABA.COM,99019.12
2025-02-23,STAPLES,36263.24
2023-12-27,TIKTOK ADS,82433.12
2023-09-25,BRITISH GAS,47428.75
2023-11-14,STAPLES,94267.49
2023-09-10,SHELL,92361.78
2024-11-28,ADOBE CREATIVE CLOUD,96881.33
2020-04-24,PACKAGING SUPPLIES DIRECT,8883802.26
2020-11-08,STRIPE PAYMENTS,35443.93
2020-02-16,UBER,69448.21
2020-11-28,ADOBE CREATIVE CLOUD,51548.45
2023-04-24,AMAZON,23773.65
2023-07-15,HMRC VAT,10750.79
2025-06-26,SALES,33246.8
2024-12-04,HMRC PAYE,5434.29
2025-02-06,AMAZON,103916.96
2020-12-20,AMAZON,44440.12
2020-09-07,REGUS,66994.71
2021-11-25,GOOGLE ADS,23551.34
2021-12-19,ADOBE CREATIVE CLOUD,65764.0
2024-05-25,DHL EXPRESS,78083.06
2020-03-30,AMAZON,19508.18
2024-02-15,SHELL,95070.42
2025-07-03,SALES,5462510.74
2020-10-16,ADOBE CREATIVE CLOUD,34113.57
2024-12-07,GOOGLE ADS,56380.43
2024-05-14,ADOBE CREATIVE CLOUD,5039.89
2023-07-01,SHOPIFY PAYOUT,73490.98
2022-09-18,STRIPE PAYMENTS,99020.85
2022-06-04,HMRC VAT,785.05
2021-12-08,TIKTOK ADS,53605.42
2020-07-13,SHELL,7258334.46
2022-08-22,STRIPE PAYMENTS,18605.8
2022-08-16,ALIBABA.COM,86057.59
2025-08-09,AMAZON,93754.73
2021-05-13,SHOPIFY PAYOUT,62610.07
2020-05-21,META ADS,46855.9
2020-06-26,GOOGLE ADS,9876.71
2022-08-10,STAPLES,53216.9
2020-11-27,ROYAL MAIL,6461542.51
2022-06-01,REGUS,68742.46
2023-01-28,STRIPE PAYMENTS,44542.0
2021-04-13,BRITISH GAS,64764.85
2020-04-30,STAPLES,45447.55
2026-03-25,PACKAGING SUPPLIES DIRECT,6889.15
2022-05-16,HMRC PAYE,38658.04
2021-03-05,ALIBABA.COM,88976.85
2020-06-30,ADOBE CREATIVE CLOUD,1226655.76
2023-02-21,TIKTOK ADS,94633.61
2021-01-08,SALES,57559.14
2024-06-09,HMRC PAYE,13442.07
2023-09-26,SALES,27263.22
2023-11-21,STRIPE PAYMENTS,8181.48
2021-08-19,SHELL,4693.17
2022-11-30,TIKTOK ADS,23899.5
2022-05-13,TIKTOK ADS,8627980.84
2022-11-03,HMRC VAT,31535.44
2021-01-02,AMAZON,85360.51
2023-04-04,META ADS,56861.19
2025-09-07,HMRC PAYE,51334.9
2025-09-05,PACKAGING SUPPLIES DIRECT,23981.35
2021-02-04,UBER,1287.32
2020-02-17,SHOPIFY PAYOUT,50379.01
2026-01-21,META ADS,5844655.09
2022-12-12,HMRC PAYE,38631.19
2021-05-15,TIKTOK ADS,45771.45
2021-01-14,BRITISH GAS,79748.23
2022-09-01,BRITISH GAS,2742.3
2021-02-22,ALIBABA.COM,47020.8
2024-10-13,DHL EXPRESS,96197.58
2024-07-22,UBER,86366.89
2022-12-16,ADOBE CREATIVE CLOUD,9385118.15
2024-06-15,ADOBE CREATIVE CLOUD,66193.7
2020-01-25,STRIPE PAYMENTS,21351.85
2022-04-22,UBER,52265.64
2020-05-22,STRIPE PAYMENTS,75125.98
2026-03-13,ADOBE CREATIVE CLOUD,83453.86
2025-07-15,HMRC PAYE,83703.45
2021-07-05,BRITISH GAS,34832.09
2023-12-30,ALIBABA.COM,2596557.68
2020-02-05,ALIBABA.COM,73562.17
2023-10-03,BRITISH GAS,90652.58
2023-11-10,UBER,30821.05
2025-11-09,ALIBABA.COM,10208.53
2025-02-05,META ADS,32068.24
2025-10-21,ALIBABA.COM,90618.87
2024-10-12,REGUS,85126.91
2025-08-23,META ADS,2485055.55
2022-03-30,HMRC PAYE,53004.16
2024-09-03,ALIBABA.COM,45.22
2025-01-19,STRIPE PAYMENTS,38400.8
2024-01-24,HMRC PAYE,62231.51
2022-04-29,GUSTO,82288.2
2023-03-20,TIKTOK ADS,54159.41
2025-03-30,AMAZON,91486.6
2021-12-11,SHELL,6462032.69
2023-04-10,BRITISH GAS,58784.0
2024-05-17,UBER,10805.32
2022-11-20,SALES,55075.14
2021-02-20,STRIPE PAYMENTS,3986.26
2020-02-24,DHL EXPRESS,81402.37
2020-11-05,ALIBABA.COM,96335.06
2024-11-14,SHOPIFY PAYOUT,38742.78
2020-09-08,SALES,6386257.2
2021-07-05,SHOPIFY PAYOUT,70274.8
2021-03-10,ADOBE CREATIVE CLOUD,12465.63
2023-02-08,HMRC VAT,7315.3
2020-08-24,PACKAGING SUPPLIES DIRECT,16334.02
2021-01-28,META ADS,81143.45
2023-01-06,SALES,79821.26
2024-10-09,SLACK,36941.69
2025-04-01,BRITISH GAS,6634477.13
2021-04-11,BRITISH GAS,40841.09
2026-01-27,TIKTOK ADS,21707.91
2025-07-07,META ADS,25589.36
2025-05-23,ALIBABA.COM,14887.14
2021-10-01,AMAZON,69968.82
2025-08-11,STAPLES,73806.2
2022-10-31,STAPLES,12771.67
2020-02-26,META ADS,3577045.88
2020-10-22,STAPLES,45612.95
2024-11-06,AMAZON,50143.7
2026-03-22,BRITISH GAS,83862.63
2021-10-22,SHOPIFY PAYOUT,85892.43
2020-05-05,ADOBE CREATIVE CLOUD,50596.72
2022-03-22,STAPLES,18065.93
2021-11-03,GOOGLE ADS,26912.0
2025-07-19,SALES,1769228.68
2022-03-18,MICROSOFT 365,31494.39
2023-10-31,HMRC PAYE,44451.09
2020-06-28,SHELL,78620.8
2021-05-28,GOOGLE ADS,9421.93
2025-05-26,ADOBE CREATIVE CLOUD,2616.67
2020-03-03,ROYAL MAIL,82349.82
2022-02-12,ROYAL MAIL,73084.49
2020-06-20,UBER,1972425.82
2020-10-16,ROYAL MAIL,71178.46
2026-03-07,UBER,17070.27
2022-01-22,ADOBE CREATIVE CLOUD,15149.13
2026-01-08,SHELL,37799.17
2023-09-27,STAPLES,59295.28
2024-09-19,HMRC PAYE,96148.25
